{
    "BALLISTIC": {
        "SMALL": {
            "fluxsec": 46.5390826873385,
            "op": 4.5,
            "count": 12
        },
        "MEDIUM": {
            "fluxsec": 119.44343535252628,
            "op": 10.181818181818182,
            "count": 11
        },
        "LARGE": {
            "fluxsec": 354.88095238095235,
            "op": 21.571428571428573,
            "count": 7
        }
    },
    "ENERGY": {
        "SMALL": {
            "fluxsec": 36.394842736306146,
            "op": 5.444444444444445,
            "count": 9
        },
        "MEDIUM": {
            "fluxsec": 327.5000375000375,
            "op": 10.625,
            "count": 8
        },
        "LARGE": {
            "fluxsec": 332.089552238806,
            "op": 22.6,
            "count": 5
        }
    },
    "MISSILE": {
        "SMALL": {
            "fluxsec": 0.0,
            "op": 2.7333333333333334,
            "count": 15
        },
        "MEDIUM": {
            "fluxsec": 0.0,
            "op": 10.11111111111111,
            "count": 9
        },
        "LARGE": {
            "fluxsec": 0.0,
            "op": 21.8,
            "count": 5
        }
    }
}